temp_avg,humidity,rainfall_mm,crop_type,growth_stage,prev_pest_incidence,risk_level
25,70,10,Tomato,Vegetative,0.1,Low
30,80,5,Tomato,Flowering,0.3,Medium
28,75,12,Maize,Seedling,0.0,Low
32,85,8,Maize,Fruiting,0.5,High
26,65,15,Potato,Vegetative,0.2,Medium
27,72,9,Potato,Flowering,0.1,Low
29,78,7,Tomato,Fruiting,0.4,High
24,68,11,Maize,Vegetative,0.0,Low
31,82,6,Potato,Fruiting,0.5,High
26,70,13,Tomato,Seedling,0.1,Low
30,77,8,Maize,Flowering,0.3,Medium
28,74,10,Potato,Vegetative,0.2,Medium
33,85,5,Tomato,Fruiting,0.6,High
25,69,12,Maize,Seedling,0.0,Low
27,71,9,Potato,Flowering,0.1,Low
29,79,7,Tomato,Fruiting,0.4,High
26,72,11,Maize,Vegetative,0.1,Low
